Workbook

Sheet 商品清单
A1: 产品图 | B1: 产品名称 | C1: SKU | D1: 品类 | E1: 单位 | F1: 供货价 | G1: 建议零售价 | H1: 采购量 | I1: 当前库存 | J1: 近7天销量 | K1: 预计销售额 | L1: 预计毛利 | M1: 毛利率 | N1: 安全库存 | O1: 补货建议 | P1: 评级 | Q1: 上架日期 | R1: 备注
B2: 压缩收纳袋 | C2: LT-001 | D2: 收纳 | E2: 件 | F2: 36 | G2: 56.88 | H2: 48 | I2: 10 | J2: 8 | K2: ==G2*J2 | L2: ==(G2-F2)*J2 | M2: ==IF(K2=0,0,L2/K2) | N2: ==ROUNDUP(J2*1.8,0) | O2: ==IF(I2<N2,"需要补货","正常") | P2: 3.8 | Q2: 46145 | R2: 新品首批
B3: 旅行洗漱包 | C3: LT-002 | D3: 清洁 | E3: 套 | F3: 61.5 | G3: 109.17 | H3: 57 | I3: 23 | J3: 15 | K3: ==G3*J3 | L3: ==(G3-F3)*J3 | M3: ==IF(K3=0,0,L3/K3) | N3: ==ROUNDUP(J3*1.8,0) | O3: ==IF(I3<N3,"需要补货","正常") | P3: 4.1 | Q3: 46140 | R3: 热卖款
B4: 便携挂烫机 | C4: LT-003 | D4: 出行 | E4: 盒 | F4: 87 | G4: 161.46 | H4: 66 | I4: 36 | J4: 22 | K4: ==G4*J4 | L4: ==(G4-F4)*J4 | M4: ==IF(K4=0,0,L4/K4) | N4: ==ROUNDUP(J4*1.8,0) | O4: ==IF(I4<N4,"需要补货","正常") | P4: 4.4 | Q4: 46135 | R4: 适合组合销售
B5: 折叠烧水杯 | C5: LT-004 | D5: 厨房 | E5: 台 | F5: 87 | G5: 173.46 | H5: 75 | I5: 49 | J5: 29 | K5: ==G5*J5 | L5: ==(G5-F5)*J5 | M5: ==IF(K5=0,0,L5/K5) | N5: ==ROUNDUP(J5*1.8,0) | O5: ==IF(I5<N5,"需要补货","正常") | P5: 4.7 | Q5: 46130 | R5: 需关注库存
B6: 分类药品盒 | C6: LT-005 | D6: 收纳 | E6: 件 | F6: 112.5 | G6: 177.75 | H6: 84 | I6: 62 | J6: 36 | K6: ==G6*J6 | L6: ==(G6-F6)*J6 | M6: ==IF(K6=0,0,L6/K6) | N6: ==ROUNDUP(J6*1.8,0) | O6: ==IF(I6<N6,"需要补货","正常") | P6: 3.8 | Q6: 46125 | R6: 新品首批
B7: 防水证件夹 | C7: LT-006 | D7: 清洁 | E7: 套 | F7: 138 | G7: 230.04 | H7: 93 | I7: 75 | J7: 43 | K7: ==G7*J7 | L7: ==(G7-F7)*J7 | M7: ==IF(K7=0,0,L7/K7) | N7: ==ROUNDUP(J7*1.8,0) | O7: ==IF(I7<N7,"需要补货","正常") | P7: 4.1 | Q7: 46120 | R7: 热卖款
B8: 快干毛巾套装 | C8: LT-007 | D8: 出行 | E8: 盒 | F8: 138 | G8: 242.04 | H8: 102 | I8: 88 | J8: 50 | K8: ==G8*J8 | L8: ==(G8-F8)*J8 | M8: ==IF(K8=0,0,L8/K8) | N8: ==ROUNDUP(J8*1.8,0) | O8: ==IF(I8<N8,"需要补货","正常") | P8: 4.4 | Q8: 46115 | R8: 适合组合销售
B9: 迷你清洁刷 | C9: LT-008 | D9: 厨房 | E9: 台 | F9: 163.5 | G9: 294.33 | H9: 111 | I9: 101 | J9: 57 | K9: ==G9*J9 | L9: ==(G9-F9)*J9 | M9: ==IF(K9=0,0,L9/K9) | N9: ==ROUNDUP(J9*1.8,0) | O9: ==IF(I9<N9,"需要补货","正常") | P9: 4.7 | Q9: 46110 | R9: 需关注库存
B10: 便携餐具盒 | C10: LT-009 | D10: 收纳 | E10: 件 | F10: 59 | G10: 93.22 | H10: 120 | I10: 19 | J10: 10 | K10: ==G10*J10 | L10: ==(G10-F10)*J10 | M10: ==IF(K10=0,0,L10/K10) | N10: ==ROUNDUP(J10*1.8,0) | O10: ==IF(I10<N10,"需要补货","正常") | P10: 3.8 | Q10: 46105 | R10: 新品首批
B11: 真空保鲜罐 | C11: LT-010 | D11: 清洁 | E11: 套 | F11: 59 | G11: 105.22 | H11: 129 | I11: 32 | J11: 17 | K11: ==G11*J11 | L11: ==(G11-F11)*J11 | M11: ==IF(K11=0,0,L11/K11) | N11: ==ROUNDUP(J11*1.8,0) | O11: ==IF(I11<N11,"需要补货","正常") | P11: 4.1 | Q11: 46100 | R11: 热卖款
B12: 行李箱绑带 | C12: LT-011 | D12: 出行 | E12: 盒 | F12: 84.5 | G12: 157.51 | H12: 48 | I12: 45 | J12: 24 | K12: ==G12*J12 | L12: ==(G12-F12)*J12 | M12: ==IF(K12=0,0,L12/K12) | N12: ==ROUNDUP(J12*1.8,0) | O12: ==IF(I12<N12,"需要补货","正常") | P12: 4.4 | Q12: 46095 | R12: 适合组合销售
B13: 多功能转换插头 | C13: LT-012 | D13: 厨房 | E13: 台 | F13: 110 | G13: 209.8 | H13: 57 | I13: 58 | J13: 31 | K13: ==G13*J13 | L13: ==(G13-F13)*J13 | M13: ==IF(K13=0,0,L13/K13) | N13: ==ROUNDUP(J13*1.8,0) | O13: ==IF(I13<N13,"需要补货","正常") | P13: 4.7 | Q13: 46090 | R13: 需关注库存
... B21: 手持封口机 | C21: LT-020 | D21: 厨房 | E21: 台 | F21: 107.5 | G21: 205.85 | H21: 129 | I21: 67 | J21: 33 | K21: ==G21*J21 | L21: ==(G21-F21)*J21 | M21: ==IF(K21=0,0,L21/K21) | N21: ==ROUNDUP(J21*1.8,0) | O21: ==IF(I21<N21,"需要补货","正常") | P21: 4.7 | Q21: 46050 | R21: 需关注库存

Sheet 汇总看板
A1: 供应商F · 生活旅行 汇总看板
A3: 商品数量 | B3: ==COUNTA(商品清单!B2:B21)
A4: 总销售额 | B4: ==SUM(商品清单!K2:K21)
A5: 总毛利 | B5: ==SUM(商品清单!L2:L21)
A6: 平均毛利率 | B6: ==AVERAGE(商品清单!M2:M21)
A7: 需补货 SKU | B7: ==COUNTIF(商品清单!O2:O21,"需要补货")
A8: 平均评级 | B8: ==AVERAGE(商品清单!P2:P21)
A11: 品类 | B11: 销售额 | C11: 毛利 | D11: 平均评级
A12: 收纳 | B12: ==SUMIF(商品清单!D2:D21,A12,商品清单!K2:K21) | C12: ==SUMIF(商品清单!D2:D21,A12,商品清单!L2:L21) | D12: ==AVERAGEIF(商品清单!D2:D21,A12,商品清单!P2:P21)
A13: 清洁 | B13: ==SUMIF(商品清单!D2:D21,A13,商品清单!K2:K21) | C13: ==SUMIF(商品清单!D2:D21,A13,商品清单!L2:L21) | D13: ==AVERAGEIF(商品清单!D2:D21,A13,商品清单!P2:P21)
A14: 出行 | B14: ==SUMIF(商品清单!D2:D21,A14,商品清单!K2:K21) | C14: ==SUMIF(商品清单!D2:D21,A14,商品清单!L2:L21) | D14: ==AVERAGEIF(商品清单!D2:D21,A14,商品清单!P2:P21)
A15: 厨房 | B15: ==SUMIF(商品清单!D2:D21,A15,商品清单!K2:K21) | C15: ==SUMIF(商品清单!D2:D21,A15,商品清单!L2:L21) | D15: ==AVERAGEIF(商品清单!D2:D21,A15,商品清单!P2:P21)
